{
  "accuracy": 0.9294444444444444,
  "macro_f1": 0.9295230239420422,
  "weighted_f1": 0.9295230239420423,
  "macro_precision": 0.9368529654407562,
  "macro_recall": 0.9294444444444445,
  "report": null,
  "loss": 0.2226289323250832
}