{
  "accuracy": 0.9438888888888889,
  "macro_f1": 0.9439637828824776,
  "weighted_f1": 0.9439637828824777,
  "macro_precision": 0.9455235379715022,
  "macro_recall": 0.943888888888889,
  "report": null,
  "loss": 0.2554308354922708
}