{
  "accuracy": 0.955925925925926,
  "macro_f1": 0.9557404544757718,
  "weighted_f1": 0.9557404544757719,
  "macro_precision": 0.9591206290336576,
  "macro_recall": 0.9559259259259262,
  "report": null,
  "loss": 0.14313213010102993
}